model,baseline accuracy,baseline rocauc,accuracy,rocauc
random forest,0.8125,0.8696842105263158,0.7777777777777778,0.845054945054945
logistic regression,0.8125,0.8696842105263158,0.7777777777777778,0.845054945054945
naive bayes,0.8125,0.8507549361207898,0.75,0.738095238095238
support vector,0.7430555555555556,0.6955955481884917,0.7777777777777778,0.845054945054945
boosted,0.7986111111111112,0.8097376931369027,0.7569444444444444,0.7321236076176787
